insert into Usuario (id, usuario, nombre, email, contraseña, forma_de_pago) values (1, 'dmordin0', 'Daryle', 'dclack0@tamu.edu', '0II41HRspxR', 'switch');
insert into Usuario (id, usuario, nombre, email, contraseña, forma_de_pago) values (2, 'delgood1', 'Dorelle', 'datton1@mayoclinic.com', 'VrUGqDxm', 'jcb');
insert into Usuario (id, usuario, nombre, email, contraseña, forma_de_pago) values (3, 'mgoodoune2', 'Meagan', 'msimner2@amazon.com', 'PiVmauHOUOMr', 'mastercard');
insert into Usuario (id, usuario, nombre, email, contraseña, forma_de_pago) values (4, 'tlebrun3', 'Timotheus', 'tsugge3@altervista.org', 'sFN7VZT', 'jcb');
insert into Usuario (id, usuario, nombre, email, contraseña, forma_de_pago) values (5, 'cmuldownie4', 'Chantal', 'cmcguinley4@sourceforge.net', 'iLx8nLq2EYi', 'maestro');
insert into Usuario (id, usuario, nombre, email, contraseña, forma_de_pago) values (6, 'jmead5', 'Jesse', 'jwoodfin5@auda.org.au', '7doXoQs6L7R', 'jcb');
insert into Usuario (id, usuario, nombre, email, contraseña, forma_de_pago) values (7, 'hericssen6', 'Hazel', 'hhumpage6@goo.ne.jp', 'b5rBPKcU', 'china-unionpay');
insert into Usuario (id, usuario, nombre, email, contraseña, forma_de_pago) values (8, 'fudie7', 'Frieda', 'fcalender7@globo.com', 'ZR3EdSqN2n', 'bankcard');
insert into Usuario (id, usuario, nombre, email, contraseña, forma_de_pago) values (9, 'sboliver8', 'Scotty', 'sletty8@amazon.de', 'n950mjZhDhTT', 'jcb');
insert into Usuario (id, usuario, nombre, email, contraseña, forma_de_pago) values (10, 'tram9', 'Taddeo', 'tjerzyk9@cbc.ca', 'avmYigqtkR', 'china-unionpay');
insert into Usuario (id, usuario, nombre, email, contraseña, forma_de_pago) values (11, 'kcamlina', 'Kimball', 'kmordeya@nasa.gov', 'cEO75QY', 'visa');
insert into Usuario (id, usuario, nombre, email, contraseña, forma_de_pago) values (12, 'dburchfieldb', 'Darya', 'dlibbeb@smugmug.com', 'rkziicKS7QPg', 'jcb');
insert into Usuario (id, usuario, nombre, email, contraseña, forma_de_pago) values (13, 'aborlandc', 'Amalea', 'amoormanc@howstuffworks.com', '2myvC6zIUd0', 'diners-club-enroute');
insert into Usuario (id, usuario, nombre, email, contraseña, forma_de_pago) values (14, 'khasselld', 'Klarika', 'klimmingd@uiuc.edu', 'hahy0zY', 'visa-electron');
insert into Usuario (id, usuario, nombre, email, contraseña, forma_de_pago) values (15, 'rchappelowe', 'Roger', 'rgurnelle@technorati.com', '2b8dFq', 'jcb');
insert into Usuario (id, usuario, nombre, email, contraseña, forma_de_pago) values (16, 'lhawketf', 'Latia', 'lstrowgerf@nasa.gov', 'z7umceK', 'china-unionpay');
insert into Usuario (id, usuario, nombre, email, contraseña, forma_de_pago) values (17, 'dibellg', 'Demetri', 'dbeekg@ucoz.com', 'kwpYp4msY', 'visa-electron');
insert into Usuario (id, usuario, nombre, email, contraseña, forma_de_pago) values (18, 'fboffinh', 'Fredelia', 'fdoerrenh@rakuten.co.jp', 'NXJJG6nclirW', 'mastercard');
insert into Usuario (id, usuario, nombre, email, contraseña, forma_de_pago) values (19, 'cdibbei', 'Cyrus', 'ctitteringtoni@deliciousdays.com', 'lUZWaXkv', 'jcb');
insert into Usuario (id, usuario, nombre, email, contraseña, forma_de_pago) values (20, 'erideoutj', 'Edee', 'eromandj@flavors.me', 'GaKnxHkxlxR5', 'mastercard');
insert into Usuario (id, usuario, nombre, email, contraseña, forma_de_pago) values (21, 'mmorsheadk', 'Maximilian', 'mchevink@sciencedaily.com', 'IvZmSPuWwiyb', 'switch');
insert into Usuario (id, usuario, nombre, email, contraseña, forma_de_pago) values (22, 'thalbordl', 'Tadeas', 'tmccaugheyl@latimes.com', 'iOY89a8Jg4Jx', 'visa-electron');
insert into Usuario (id, usuario, nombre, email, contraseña, forma_de_pago) values (23, 'dcarrivickm', 'Dagmar', 'dcolesonm@walmart.com', 'ehJTDPZuLs8D', 'jcb');
insert into Usuario (id, usuario, nombre, email, contraseña, forma_de_pago) values (24, 'ghemshalln', 'Gianni', 'gbaylisn@sfgate.com', 'CHVc0c5u3', 'visa-electron');
insert into Usuario (id, usuario, nombre, email, contraseña, forma_de_pago) values (25, 'icrumbieo', 'Inna', 'ifaldoo@wired.com', '3lD8UtL', 'switch');
insert into Usuario (id, usuario, nombre, email, contraseña, forma_de_pago) values (26, 'ssheringtonp', 'Sherman', 'snancarrowp@cam.ac.uk', 'MFhRPOASN8A', 'bankcard');
insert into Usuario (id, usuario, nombre, email, contraseña, forma_de_pago) values (27, 'vfrenzelq', 'Vivien', 'veichq@yale.edu', 'KdbIsGU1a', 'jcb');
insert into Usuario (id, usuario, nombre, email, contraseña, forma_de_pago) values (28, 'nmulderrigr', 'Nolana', 'nspendlover@forbes.com', '66MfG3V8UqZ', 'solo');
insert into Usuario (id, usuario, nombre, email, contraseña, forma_de_pago) values (29, 'ascutchings', 'Ase', 'amaidens@senate.gov', '45uvvqpQM', 'jcb');
insert into Usuario (id, usuario, nombre, email, contraseña, forma_de_pago) values (30, 'ldowzellt', 'Laurene', 'llorantt@smh.com.au', 'itbkR1cX', 'switch');

insert into Curso (id, nombre, url, costo, descripcion) values (1, 'Javascript basico', 'bedumarket.com/Javascript_basico', 768, 'id consequat in consequat ut nulla sed accumsan felis ut at dolor quis odio consequat varius integer ac');
insert into Curso (id, nombre, url, costo, descripcion) values (2, 'NoSQL desde cero', 'bedumarket.com/NoSQL_desde_cero', 1132, 'enim blandit mi in porttitor pede justo eu massa donec dapibus');
insert into Curso (id, nombre, url, costo, descripcion) values (3, 'SQL desde cero','bedumarket.com/SQL_desde_cero', 1294, 'libero non mattis pulvinar nulla pede ullamcorper augue a suscipit nulla elit ac nulla sed vel enim');
insert into Curso (id, nombre,  url, costo, descripcion) values (4, 'C++ basico','bedumarket.com/pC++_basico', 909, 'porttitor id consequat in consequat ut nulla sed accumsan felis ut at dolor');
insert into Curso (id, nombre,  url, costo, descripcion) values (5, 'Fisica avanzada','bedumarket.com/Fisica_avanzada', 1150, 'etiam faucibus cursus urna ut tellus nulla ut erat id mauris vulputate');
insert into Curso (id, nombre,  url, costo, descripcion) values (6, 'Curso de R avanzado','bedumarket.com/Curso_de_R_avanzado', 1069, 'quam fringilla rhoncus mauris enim leo rhoncus sed vestibulum sit amet cursus');
insert into Curso (id, nombre,  url, costo, descripcion) values (7, 'Crea tu aplicación android desde cero','bedumarket.com/android_desde_cero', 213, 'primis in faucibus orci luctus et ultrices posuere cubilia curae donec pharetra magna vestibulum aliquet ultrices erat tortor');
insert into Curso (id, nombre,  url, costo, descripcion) values (8, 'Javascript advanced','bedumarket.com/Javascript_advanced', 680, 'elit proin risus praesent lectus vestibulum quam sapien varius ut blandit non interdum');
insert into Curso (id, nombre,  url, costo, descripcion) values (9, 'Vue.js basico','bedumarket.com/ue%js_basico', 952, 'et ultrices posuere cubilia curae donec pharetra magna vestibulum aliquet ultrices erat tortor sollicitudin mi sit amet lobortis sapien');
insert into Curso (id, nombre,  url, costo, descripcion) values (10, 'Gestion de proyecto basico','bedumarket.com/Gestion_proyecto', 1088, 'quis tortor id nulla ultrices aliquet maecenas leo odio condimentum id luctus nec molestie');
insert into Curso (id, nombre,  url, costo, descripcion) values (11, 'Control de versiones con git','bedumarket.com/versiones_git', 439, 'amet justo morbi ut odio cras mi pede malesuada in imperdiet et commodo vulputate justo in blandit ultrices enim lorem');
insert into Curso (id, nombre,  url, costo, descripcion) values (12, 'Sap basico','bedumarket.com/Sap_basico', 1233, 'sit amet diam in magna bibendum imperdiet nullam orci pede venenatis');
insert into Curso (id, nombre,  url, costo, descripcion) values (13, 'Kotlin avanzado','bedumarket.com/Kotlin_avanzado', 1119, 'tortor quis turpis sed ante vivamus tortor duis mattis egestas metus aenean fermentum donec ut');
insert into Curso (id, nombre,  url, costo, descripcion) values (14, 'Angular.js desde cero','bedumarket.com/Angular%js_desde_cero', 1080, 'mauris morbi non lectus aliquam sit amet diam in magna bibendum imperdiet nullam orci pede venenatis non sodales');
insert into Curso (id, nombre,  url, costo, descripcion) values (15, 'Java para principiantes','bedumarket.com/Java_para_principiantes', 258, 'tincidunt eget tempus vel pede morbi porttitor lorem id ligula suspendisse ornare consequat lectus in est risus auctor');
insert into Curso (id, nombre,  url, costo, descripcion) values (16, 'Big data con AWS','bedumarket.com/Big_data_AWS', 406, 'aliquam augue quam sollicitudin vitae consectetuer eget rutrum at lorem integer tincidunt ante vel ipsum praesent blandit lacinia erat vestibulum');
insert into Curso (id, nombre,  url, costo, descripcion) values (17, 'Docker para desarrolladores JAVA','bedumarket.com/Docker_JAVA', 1193, 'vel pede morbi porttitor lorem id ligula suspendisse ornare consequat lectus in est risus auctor sed');
insert into Curso (id, nombre, url, costo, descripcion) values (18, 'Firebase para android','bedumarket.com/firebase_android', 380, 'faucibus orci luctus et ultrices posuere cubilia curae nulla dapibus dolor vel');
insert into Curso (id, nombre, url, costo, descripcion) values (19, 'Aprende SEO desde cero','bedumarket.com/SEO_desde_cero', 449, 'iaculis justo in hac habitasse platea dictumst etiam faucibus cursus urna ut tellus nulla ut erat id mauris vulputate elementum');
insert into Curso (id, nombre, url, costo, descripcion) values (20, 'Scrum master','bedumarket.com/Scrum_master', 876, 'sem praesent id massa id nisl venenatis lacinia aenean sit amet justo morbi ut');

insert into Curso (id, nombre, url, costo, descripcion) values (21, 'Javascript basico', 'bedumarket.com/Javascript_basico', 768, 'id consequat in consequat ut nulla sed accumsan felis ut at dolor quis odio consequat varius integer ac');
insert into Curso (id, nombre, url, costo, descripcion) values (22, 'NoSQL desde cero', 'bedumarket.com/NoSQL_desde_cero', 1132, 'enim blandit mi in porttitor pede justo eu massa donec dapibus');
insert into Curso (id, nombre, url, costo, descripcion) values (23, 'SQL desde cero','bedumarket.com/SQL_desde_cero', 1294, 'libero non mattis pulvinar nulla pede ullamcorper augue a suscipit nulla elit ac nulla sed vel enim');
insert into Curso (id, nombre,  url, costo, descripcion) values (24, 'C++ basico','bedumarket.com/pC++_basico', 909, 'porttitor id consequat in consequat ut nulla sed accumsan felis ut at dolor');
insert into Curso (id, nombre,  url, costo, descripcion) values (25, 'Fisica avanzada','bedumarket.com/Fisica_avanzada', 1150, 'etiam faucibus cursus urna ut tellus nulla ut erat id mauris vulputate');
insert into Curso (id, nombre,  url, costo, descripcion) values (26, 'Curso de R avanzado','bedumarket.com/Curso_de_R_avanzado', 1069, 'quam fringilla rhoncus mauris enim leo rhoncus sed vestibulum sit amet cursus');
insert into Curso (id, nombre,  url, costo, descripcion) values (27, 'Crea tu aplicación android desde cero','bedumarket.com/android_desde_cero', 213, 'primis in faucibus orci luctus et ultrices posuere cubilia curae donec pharetra magna vestibulum aliquet ultrices erat tortor');
insert into Curso (id, nombre,  url, costo, descripcion) values (28, 'Javascript advanced','bedumarket.com/Javascript_advanced', 680, 'elit proin risus praesent lectus vestibulum quam sapien varius ut blandit non interdum');
insert into Curso (id, nombre,  url, costo, descripcion) values (29, 'Vue.js basico','bedumarket.com/ue%js_basico', 952, 'et ultrices posuere cubilia curae donec pharetra magna vestibulum aliquet ultrices erat tortor sollicitudin mi sit amet lobortis sapien');
insert into Curso (id, nombre,  url, costo, descripcion) values (30, 'Gestion de proyecto basico','bedumarket.com/Gestion_proyecto', 1088, 'quis tortor id nulla ultrices aliquet maecenas leo odio condimentum id luctus nec molestie');

insert into Curso (id, nombre,  url, costo, descripcion) values (31, 'Control de versiones con git','bedumarket.com/versiones_git', 439, 'amet justo morbi ut odio cras mi pede malesuada in imperdiet et commodo vulputate justo in blandit ultrices enim lorem');
insert into Curso (id, nombre,  url, costo, descripcion) values (32, 'Sap basico','bedumarket.com/Sap_basico', 1233, 'sit amet diam in magna bibendum imperdiet nullam orci pede venenatis');
insert into Curso (id, nombre,  url, costo, descripcion) values (33, 'Kotlin avanzado','bedumarket.com/Kotlin_avanzado', 1119, 'tortor quis turpis sed ante vivamus tortor duis mattis egestas metus aenean fermentum donec ut');
insert into Curso (id, nombre,  url, costo, descripcion) values (34, 'Angular.js desde cero','bedumarket.com/Angular%js_desde_cero', 1080, 'mauris morbi non lectus aliquam sit amet diam in magna bibendum imperdiet nullam orci pede venenatis non sodales');
insert into Curso (id, nombre,  url, costo, descripcion) values (35, 'Java para principiantes','bedumarket.com/Java_para_principiantes', 258, 'tincidunt eget tempus vel pede morbi porttitor lorem id ligula suspendisse ornare consequat lectus in est risus auctor');
insert into Curso (id, nombre,  url, costo, descripcion) values (36, 'Big data con AWS','bedumarket.com/Big_data_AWS', 406, 'aliquam augue quam sollicitudin vitae consectetuer eget rutrum at lorem integer tincidunt ante vel ipsum praesent blandit lacinia erat vestibulum');
insert into Curso (id, nombre,  url, costo, descripcion) values (37, 'Docker para desarrolladores JAVA','bedumarket.com/Docker_JAVA', 1193, 'vel pede morbi porttitor lorem id ligula suspendisse ornare consequat lectus in est risus auctor sed');
insert into Curso (id, nombre, url, costo, descripcion) values (38, 'Firebase para android','bedumarket.com/firebase_android', 380, 'faucibus orci luctus et ultrices posuere cubilia curae nulla dapibus dolor vel');
insert into Curso (id, nombre, url, costo, descripcion) values (39, 'Aprende SEO desde cero','bedumarket.com/SEO_desde_cero', 449, 'iaculis justo in hac habitasse platea dictumst etiam faucibus cursus urna ut tellus nulla ut erat id mauris vulputate elementum');
insert into Curso (id, nombre, url, costo, descripcion) values (40, 'Scrum master','bedumarket.com/Scrum_master', 876, 'sem praesent id massa id nisl venenatis lacinia aenean sit amet justo morbi ut');

insert into Curso (id, nombre,  url, costo, descripcion) values (41, 'Control de versiones con git','bedumarket.com/versiones_git', 439, 'amet justo morbi ut odio cras mi pede malesuada in imperdiet et commodo vulputate justo in blandit ultrices enim lorem');
insert into Curso (id, nombre,  url, costo, descripcion) values (42, 'Sap basico','bedumarket.com/Sap_basico', 1233, 'sit amet diam in magna bibendum imperdiet nullam orci pede venenatis');
insert into Curso (id, nombre,  url, costo, descripcion) values (43, 'Kotlin avanzado','bedumarket.com/Kotlin_avanzado', 1119, 'tortor quis turpis sed ante vivamus tortor duis mattis egestas metus aenean fermentum donec ut');
insert into Curso (id, nombre,  url, costo, descripcion) values (44, 'Angular.js desde cero','bedumarket.com/Angular%js_desde_cero', 1080, 'mauris morbi non lectus aliquam sit amet diam in magna bibendum imperdiet nullam orci pede venenatis non sodales');
insert into Curso (id, nombre,  url, costo, descripcion) values (45, 'Java para principiantes','bedumarket.com/Java_para_principiantes', 258, 'tincidunt eget tempus vel pede morbi porttitor lorem id ligula suspendisse ornare consequat lectus in est risus auctor');
insert into Curso (id, nombre,  url, costo, descripcion) values (46, 'Big data con AWS','bedumarket.com/Big_data_AWS', 406, 'aliquam augue quam sollicitudin vitae consectetuer eget rutrum at lorem integer tincidunt ante vel ipsum praesent blandit lacinia erat vestibulum');
insert into Curso (id, nombre,  url, costo, descripcion) values (47, 'Docker para desarrolladores JAVA','bedumarket.com/Docker_JAVA', 1193, 'vel pede morbi porttitor lorem id ligula suspendisse ornare consequat lectus in est risus auctor sed');
insert into Curso (id, nombre, url, costo, descripcion) values (48, 'Firebase para android','bedumarket.com/firebase_android', 380, 'faucibus orci luctus et ultrices posuere cubilia curae nulla dapibus dolor vel');
insert into Curso (id, nombre, url, costo, descripcion) values (49, 'Aprende SEO desde cero','bedumarket.com/SEO_desde_cero', 449, 'iaculis justo in hac habitasse platea dictumst etiam faucibus cursus urna ut tellus nulla ut erat id mauris vulputate elementum');
insert into Curso (id, nombre, url, costo, descripcion) values (50, 'Scrum master','bedumarket.com/Scrum_master', 876, 'sem praesent id massa id nisl venenatis lacinia aenean sit amet justo morbi ut');

insert into Compra (id, id_usuario, id_curso, nombre_curso, fecha, monto) values (1, 1, 1, 'Javascript basico', '7/1/2020', '$10038.75');
insert into Compra (id, id_usuario, id_curso, nombre_curso, fecha, monto) values (2, 2, 2, 'Angular.js desde cero', '3/9/2020', '$10292.11');
insert into Compra (id, id_usuario, id_curso, nombre_curso, fecha, monto) values (3, 3, 3, 'Javascript basico', '10/27/2020', '$8414.95');
insert into Compra (id, id_usuario, id_curso, nombre_curso, fecha, monto) values (4, 4, 4, 'Control de versiones con git', '5/7/2020', '$12361.46');
insert into Compra (id, id_usuario, id_curso, nombre_curso, fecha, monto) values (5, 5, 5, 'Control de versiones con git', '12/30/2020', '$8866.02');
insert into Compra (id, id_usuario, id_curso, nombre_curso, fecha, monto) values (6, 6, 6, 'Crea tu aplicación android desde cero', '2/11/2021', '$1415.67');
insert into Compra (id, id_usuario, id_curso, nombre_curso, fecha, monto) values (7, 7, 7, 'C++ basico', '8/9/2020', '$12552.58');
insert into Compra (id, id_usuario, id_curso, nombre_curso, fecha, monto) values (8, 8, 8, 'C++ basico', '5/2/2020', '$3331.99');
insert into Compra (id, id_usuario, id_curso, nombre_curso, fecha, monto) values (9, 9, 9, 'Docker para desarrolladores JAVA', '9/11/2020', '$891.60');
insert into Compra (id, id_usuario, id_curso, nombre_curso, fecha, monto) values (10, 10, 10, 'Docker para desarrolladores JAVA', '10/30/2020', '$5833.76');
insert into Compra (id, id_usuario, id_curso, nombre_curso, fecha, monto) values (11, 11, 11, 'Kotlin avanzado', '10/25/2020', '$329.39');
insert into Compra (id, id_usuario, id_curso, nombre_curso, fecha, monto) values (12, 12, 12, 'Docker para desarrolladores JAVA', '2/18/2021', '$7986.99');
insert into Compra (id, id_usuario, id_curso, nombre_curso, fecha, monto) values (13, 13, 13, 'Javascript basico', '10/8/2020', '$4491.34');
insert into Compra (id, id_usuario, id_curso, nombre_curso, fecha, monto) values (14, 14, 14, 'Crea tu aplicación android desde cero', '12/1/2020', '$6380.43');
insert into Compra (id, id_usuario, id_curso, nombre_curso, fecha, monto) values (15, 15, 15, 'Kotlin avanzado', '12/29/2020', '$11311.12');
insert into Compra (id, id_usuario, id_curso, nombre_curso, fecha, monto) values (16, 16, 16, 'Kotlin avanzado', '11/21/2020', '$1918.25');
insert into Compra (id, id_usuario, id_curso, nombre_curso, fecha, monto) values (17, 17, 17, 'Angular.js desde cero', '1s/6/2021', '$7439.59');
insert into Compra (id, id_usuario, id_curso, nombre_curso, fecha, monto) values (18, 18, 18, 'Crea tu aplicación android desde cero', '7/28/2020', '$4602.13');
insert into Compra (id, id_usuario, id_curso, nombre_curso, fecha, monto) values (19, 19, 19, 'Control de versiones con git', '3/28/2020', '$6279.91');
insert into Compra (id, id_usuario, id_curso, nombre_curso, fecha, monto) values (20, 20, 20, 'Angular.js desde cero', '6/7/2020', '$3089.89');


insert into Compra (id, id_usuario, id_curso, nombre_curso, fecha, monto) values (21, 21, 21, 'Javascript basico', '7/1/2020', '$10038.75');
insert into Compra (id, id_usuario, id_curso, nombre_curso, fecha, monto) values (22, 22, 22, 'Angular.js desde cero', '3/9/2020', '$10292.11');
insert into Compra (id, id_usuario, id_curso, nombre_curso, fecha, monto) values (23, 23, 23, 'Javascript basico', '10/27/2020', '$8414.95');
insert into Compra (id, id_usuario, id_curso, nombre_curso, fecha, monto) values (24, 24, 24, 'Control de versiones con git', '5/7/2020', '$12361.46');
insert into Compra (id, id_usuario, id_curso, nombre_curso, fecha, monto) values (25, 25, 25, 'Control de versiones con git', '12/30/2020', '$8866.02');
insert into Compra (id, id_usuario, id_curso, nombre_curso, fecha, monto) values (26, 26, 26, 'Crea tu aplicación android desde cero', '2/11/2021', '$1415.67');
insert into Compra (id, id_usuario, id_curso, nombre_curso, fecha, monto) values (27, 27, 27, 'C++ basico', '8/9/2020', '$12552.58');
insert into Compra (id, id_usuario, id_curso, nombre_curso, fecha, monto) values (28, 28, 28, 'C++ basico', '5/2/2020', '$3331.99');
insert into Compra (id, id_usuario, id_curso, nombre_curso, fecha, monto) values (29, 29, 29, 'Docker para desarrolladores JAVA', '9/11/2020', '$891.60');
insert into Compra (id, id_usuario, id_curso, nombre_curso, fecha, monto) values (30, 30, 30, 'Docker para desarrolladores JAVA', '10/30/2020', '$5833.76');
insert into Compra (id, id_usuario, id_curso, nombre_curso, fecha, monto) values (31, 31, 31, 'Kotlin avanzado', '10/25/2020', '$329.39');
insert into Compra (id, id_usuario, id_curso, nombre_curso, fecha, monto) values (32, 32, 32, 'Docker para desarrolladores JAVA', '2/18/2021', '$7986.99');
insert into Compra (id, id_usuario, id_curso, nombre_curso, fecha, monto) values (33, 33, 33, 'Javascript basico', '10/8/2020', '$4491.34');
insert into Compra (id, id_usuario, id_curso, nombre_curso, fecha, monto) values (34, 34, 34, 'Crea tu aplicación android desde cero', '12/1/2020', '$6380.43');
insert into Compra (id, id_usuario, id_curso, nombre_curso, fecha, monto) values (35, 35, 35, 'Kotlin avanzado', '12/29/2020', '$11311.12');
insert into Compra (id, id_usuario, id_curso, nombre_curso, fecha, monto) values (36, 36, 36, 'Kotlin avanzado', '11/21/2020', '$1918.25');
insert into Compra (id, id_usuario, id_curso, nombre_curso, fecha, monto) values (37, 37, 37, 'Angular.js desde cero', '1s/6/2021', '$7439.59');
insert into Compra (id, id_usuario, id_curso, nombre_curso, fecha, monto) values (38, 38, 38, 'Crea tu aplicación android desde cero', '7/28/2020', '$4602.13');
insert into Compra (id, id_usuario, id_curso, nombre_curso, fecha, monto) values (39, 39, 39, 'Control de versiones con git', '3/28/2020', '$6279.91');
insert into Compra (id, id_usuario, id_curso, nombre_curso, fecha, monto) values (40, 40, 40, 'Angular.js desde cero', '6/7/2020', '$3089.89');
insert into Compra (id, id_usuario, id_curso, nombre_curso, fecha, monto) values (41, 41, 41, 'Crea tu aplicación android desde cero', '7/28/2020', '$4602.13');
insert into Compra (id, id_usuario, id_curso, nombre_curso, fecha, monto) values (42, 42, 42, 'Control de versiones con git', '3/28/2020', '$6279.91');
insert into Compra (id, id_usuario, id_curso, nombre_curso, fecha, monto) values (43, 43, 43, 'Angular.js desde cero', '6/7/2020', '$3089.89');
insert into Compra (id, id_usuario, id_curso, nombre_curso, fecha, monto) values (44, 44, 44, 'Javascript basico', '7/1/2020', '$10038.75');
insert into Compra (id, id_usuario, id_curso, nombre_curso, fecha, monto) values (45, 45, 45, 'Angular.js desde cero', '3/9/2020', '$10292.11');
insert into Compra (id, id_usuario, id_curso, nombre_curso, fecha, monto) values (46, 46, 46, 'Javascript basico', '10/27/2020', '$8414.95');
insert into Compra (id, id_usuario, id_curso, nombre_curso, fecha, monto) values (47, 47, 47, 'Control de versiones con git', '5/7/2020', '$12361.46');
insert into Compra (id, id_usuario, id_curso, nombre_curso, fecha, monto) values (48, 48, 48, 'Control de versiones con git', '12/30/2020', '$8866.02');
insert into Compra (id, id_usuario, id_curso, nombre_curso, fecha, monto) values (49, 49, 49, 'Crea tu aplicación android desde cero', '2/11/2021', '$1415.67');
insert into Compra (id, id_usuario, id_curso, nombre_curso, fecha, monto) values (50, 50, 50, 'C++ basico', '8/9/2020', '$12552.58');


SELECT * FROM Compra WHERE nombre_curso = 'Javascript basico';
SELECT * FROM Usuario  WHERE forma_de_pago = 'mastercard';
SELECT id_curso, nombre, monto, url FROM Compra INNER JOIN Curso ON Compra.id_curso = Curso.Id;
SELECT usuario, nombre, forma_de_pago FROM Usuario WHERE nombre like '%ch%';
SELECT id_curso FROM Compra WHERE monto = '$3089.89';







insert into Usuario (id, usuario, nombre, email, contraseña, forma_de_pago) values (31, 'vwinshipu', 'Valentin Winship', 'vwinshipu@wiley.com', 'AgNbQmOe8', 'visa');
insert into Usuario (id, usuario, nombre, email, contraseña, forma_de_pago) values (32, 'hov', 'Hilda O'' Hogan', 'hov@theglobeandmail.com', 'tRQpE1ftl9l', 'diners-club-enroute');
insert into Usuario (id, usuario, nombre, email, contraseña, forma_de_pago) values (33, 'dtesmondw', 'Dorena Tesmond', 'dtesmondw@mlb.com', 'dBRsbtZ3wuB', 'maestro');
insert into Usuario (id, usuario, nombre, email, contraseña, forma_de_pago) values (34, 'tsunnucksx', 'Taddeo Sunnucks', 'tsunnucksx@java.com', 'GBBCIdBy', 'jcb');
insert into Usuario (id, usuario, nombre, email, contraseña, forma_de_pago) values (35, 'mgoldiney', 'Modesta Goldine', 'mgoldiney@slate.com', 'NnaDWEJLIw6', 'jcb');
insert into Usuario (id, usuario, nombre, email, contraseña, forma_de_pago) values (36, 'tkingerbyz', 'Tatum Kingerby', 'tkingerbyz@behance.net', 'YqaaPgxUH', 'china-union');
insert into Usuario (id, usuario, nombre, email, contraseña, forma_de_pago) values (37, 'cbelham10', 'Cati Belham', 'cbelham10@spiegel.de', 'J7GdVZMor', 'jcb');
insert into Usuario (id, usuario, nombre, email, contraseña, forma_de_pago) values (38, 'volligan11', 'Virgie Olligan', 'volligan11@imgur.com', 'b1lu1FUhYAcb', 'jcb');
insert into Usuario (id, usuario, nombre, email, contraseña, forma_de_pago) values (39, 'dscroyton12', 'Dolley Scroyton', 'dscroyton12@reuters.com', 'Hdoz12wZ', 'americane');
insert into Usuario (id, usuario, nombre, email, contraseña, forma_de_pago) values (40, 'tdevin13', 'Tamera Devin', 'tdevin13@amazon.co.uk', 'mLKYzMEtjm', 'jcb');
insert into Usuario (id, usuario, nombre, email, contraseña, forma_de_pago) values (41, 'jbatteson14', 'Jami Batteson', 'jbatteson14@ebay.co.uk', 'SRoHdmGEH', 'jcb');
insert into Usuario (id, usuario, nombre, email, contraseña, forma_de_pago) values (42, 'ccushworth15', 'Chickie Cushworth', 'ccushworth15@csmonitor.com', 'WUUiwxbucso', 'jcb');
insert into Usuario (id, usuario, nombre, email, contraseña, forma_de_pago) values (43, 'lodee16', 'Lorena O''Dee', 'lodee16@jalbum.net', 'TrJjurXsT6G', 'diners-c');
insert into Usuario (id, usuario, nombre, email, contraseña, forma_de_pago) values (44, 'scaesar17', 'Shir Caesar', 'scaesar17@fc2.com', 'EWS9YMKf', 'jcb');
insert into Usuario (id, usuario, nombre, email, contraseña, forma_de_pago) values (45, 'mduran18', 'Morton Duran', 'mduran18@nsw.gov.au', 'SAl0w9Lw', 'maestro');
insert into Usuario (id, usuario, nombre, email, contraseña, forma_de_pago) values (46, 'fmalcolm19', 'Fanny Malcolm', 'fmalcolm19@usgs.gov', 'bHySlqs', 'maestro');
insert into Usuario (id, usuario, nombre, email, contraseña, forma_de_pago) values (47, 'kderrington1a', 'Keelia Derrington', 'kderrington1a@t-online.de', 'GOvMjAKuf4j', 'mastercard');
insert into Usuario (id, usuario, nombre, email, contraseña, forma_de_pago) values (48, 'olyes1b', 'Othella Lyes', 'olyes1b@omniture.com', 'gPyPKy', 'jcb');
insert into Usuario (id, usuario, nombre, email, contraseña, forma_de_pago) values (49, 'nyashnov1c', 'Nonna Yashnov', 'nyashnov1c@nyu.edu', 'bxn5JApIpwLi', 'china-unionpay');
insert into Usuario (id, usuario, nombre, email, contraseña, forma_de_pago) values (50, 'ncarillo1d', 'Nicolas Carillo', 'ncarillo1d@smugmug.com', '7XGJnDM', 'jcb');












